Unnamed: 0,filename,speech_filename,emotion,duration,cough_filename,cough_start,cough_end,session,partition
4335,/mnt/data/IEMOCAP-happy-cough/Session5/sentences/wav/Ses05F_impro03/Ses05F_impro03_F000.wav,/mnt/data/IEMOCAP/Session5/sentences/wav/Ses05F_impro03/Ses05F_impro03_F000.wav,happiness,1.738125,3-145487-A-24.wav,1289.0,6851.0,5,Test
4340,/mnt/data/IEMOCAP-happy-cough/Session5/sentences/wav/Ses05F_impro03/Ses05F_impro03_F005.wav,/mnt/data/IEMOCAP/Session5/sentences/wav/Ses05F_impro03/Ses05F_impro03_F005.wav,happiness,1.91,1-52266-A-24.wav,9840.0,15952.0,5,Test
4353,/mnt/data/IEMOCAP-happy-cough/Session5/sentences/wav/Ses05F_impro03/Ses05F_impro03_F034.wav,/mnt/data/IEMOCAP/Session5/sentences/wav/Ses05F_impro03/Ses05F_impro03_F034.wav,happiness,2.9399375,3-151213-A-24.wav,32316.0,41723.0,5,Test
4355,/mnt/data/IEMOCAP-happy-cough/Session5/sentences/wav/Ses05F_impro03/Ses05F_impro03_F036.wav,/mnt/data/IEMOCAP/Session5/sentences/wav/Ses05F_impro03/Ses05F_impro03_F036.wav,happiness,2.0399375,4-171396-A-24.wav,6105.0,12632.0,5,Test
4361,/mnt/data/IEMOCAP-happy-cough/Session5/sentences/wav/Ses05F_impro03/Ses05F_impro03_F043.wav,/mnt/data/IEMOCAP/Session5/sentences/wav/Ses05F_impro03/Ses05F_impro03_F043.wav,happiness,2.3,1-19118-A-24.wav,11129.0,18489.0,5,Test
4362,/mnt/data/IEMOCAP-happy-cough/Session5/sentences/wav/Ses05F_impro03/Ses05F_impro03_F046.wav,/mnt/data/IEMOCAP/Session5/sentences/wav/Ses05F_impro03/Ses05F_impro03_F046.wav,happiness,3.37,3-149042-A-24.wav,36875.0,47115.0,5,Test
4363,/mnt/data/IEMOCAP-happy-cough/Session5/sentences/wav/Ses05F_impro03/Ses05F_impro03_F047.wav,/mnt/data/IEMOCAP/Session5/sentences/wav/Ses05F_impro03/Ses05F_impro03_F047.wav,happiness,2.93,5-204604-A-24.wav,3422.0,12798.0,5,Test
4364,/mnt/data/IEMOCAP-happy-cough/Session5/sentences/wav/Ses05F_impro03/Ses05F_impro03_F048.wav,/mnt/data/IEMOCAP/Session5/sentences/wav/Ses05F_impro03/Ses05F_impro03_F048.wav,happiness,2.0799375,5-211197-A-24.wav,19731.0,26386.0,5,Test
4365,/mnt/data/IEMOCAP-happy-cough/Session5/sentences/wav/Ses05F_impro03/Ses05F_impro03_F049.wav,/mnt/data/IEMOCAP/Session5/sentences/wav/Ses05F_impro03/Ses05F_impro03_F049.wav,happiness,1.3895625,3-151212-A-24.wav,14804.0,19250.0,5,Test
4372,/mnt/data/IEMOCAP-happy-cough/Session5/sentences/wav/Ses05F_impro03/Ses05F_impro03_F058.wav,/mnt/data/IEMOCAP/Session5/sentences/wav/Ses05F_impro03/Ses05F_impro03_F058.wav,happiness,1.3899375,1-30830-A-24.wav,2446.0,6893.0,5,Test
4373,/mnt/data/IEMOCAP-happy-cough/Session5/sentences/wav/Ses05F_impro03/Ses05F_impro03_F059.wav,/mnt/data/IEMOCAP/Session5/sentences/wav/Ses05F_impro03/Ses05F_impro03_F059.wav,happiness,2.0199375,2-98676-A-24.wav,1366.0,7829.0,5,Test
4374,/mnt/data/IEMOCAP-happy-cough/Session5/sentences/wav/Ses05F_impro03/Ses05F_impro03_F060.wav,/mnt/data/IEMOCAP/Session5/sentences/wav/Ses05F_impro03/Ses05F_impro03_F060.wav,happiness,1.9599375,2-108017-A-24.wav,21627.0,27898.0,5,Test
4375,/mnt/data/IEMOCAP-happy-cough/Session5/sentences/wav/Ses05F_impro03/Ses05F_impro03_M000.wav,/mnt/data/IEMOCAP/Session5/sentences/wav/Ses05F_impro03/Ses05F_impro03_M000.wav,happiness,1.2,4-155650-B-24.wav,5770.0,9610.0,5,Test
4376,/mnt/data/IEMOCAP-happy-cough/Session5/sentences/wav/Ses05F_impro03/Ses05F_impro03_M001.wav,/mnt/data/IEMOCAP/Session5/sentences/wav/Ses05F_impro03/Ses05F_impro03_M001.wav,happiness,3.7599375,1-19118-A-24.wav,17534.0,27774.0,5,Test
4381,/mnt/data/IEMOCAP-happy-cough/Session5/sentences/wav/Ses05F_impro03/Ses05F_impro03_M008.wav,/mnt/data/IEMOCAP/Session5/sentences/wav/Ses05F_impro03/Ses05F_impro03_M008.wav,happiness,1.85,2-108017-A-24.wav,22660.0,28580.0,5,Test
4383,/mnt/data/IEMOCAP-happy-cough/Session5/sentences/wav/Ses05F_impro03/Ses05F_impro03_M010.wav,/mnt/data/IEMOCAP/Session5/sentences/wav/Ses05F_impro03/Ses05F_impro03_M010.wav,happiness,5.6899375,1-19118-A-24.wav,1700.0,11940.0,5,Test
4386,/mnt/data/IEMOCAP-happy-cough/Session5/sentences/wav/Ses05F_impro03/Ses05F_impro03_M013.wav,/mnt/data/IEMOCAP/Session5/sentences/wav/Ses05F_impro03/Ses05F_impro03_M013.wav,happiness,4.18,5-251489-A-24.wav,25176.0,38488.0,5,Test
4389,/mnt/data/IEMOCAP-happy-cough/Session5/sentences/wav/Ses05F_impro03/Ses05F_impro03_M030.wav,/mnt/data/IEMOCAP/Session5/sentences/wav/Ses05F_impro03/Ses05F_impro03_M030.wav,happiness,2.3,1-63679-A-24.wav,10120.0,17480.0,5,Test
4391,/mnt/data/IEMOCAP-happy-cough/Session5/sentences/wav/Ses05F_impro03/Ses05F_impro03_M032.wav,/mnt/data/IEMOCAP/Session5/sentences/wav/Ses05F_impro03/Ses05F_impro03_M032.wav,happiness,3.5899375,1-19118-A-24.wav,5917.0,16157.0,5,Test
4392,/mnt/data/IEMOCAP-happy-cough/Session5/sentences/wav/Ses05F_impro03/Ses05F_impro03_M033.wav,/mnt/data/IEMOCAP/Session5/sentences/wav/Ses05F_impro03/Ses05F_impro03_M033.wav,happiness,1.79,4-152995-A-24.wav,7080.0,12808.0,5,Test
4394,/mnt/data/IEMOCAP-happy-cough/Session5/sentences/wav/Ses05F_impro03/Ses05F_impro03_M036.wav,/mnt/data/IEMOCAP/Session5/sentences/wav/Ses05F_impro03/Ses05F_impro03_M036.wav,happiness,6.75,1-19118-A-24.wav,94485.0,104725.0,5,Test
4395,/mnt/data/IEMOCAP-happy-cough/Session5/sentences/wav/Ses05F_impro03/Ses05F_impro03_M037.wav,/mnt/data/IEMOCAP/Session5/sentences/wav/Ses05F_impro03/Ses05F_impro03_M037.wav,happiness,7.74,3-149042-A-24.wav,45604.0,55844.0,5,Test
4398,/mnt/data/IEMOCAP-happy-cough/Session5/sentences/wav/Ses05F_impro03/Ses05F_impro03_M040.wav,/mnt/data/IEMOCAP/Session5/sentences/wav/Ses05F_impro03/Ses05F_impro03_M040.wav,happiness,1.3499375,4-169726-A-24.wav,10984.0,15303.0,5,Test
4399,/mnt/data/IEMOCAP-happy-cough/Session5/sentences/wav/Ses05F_impro03/Ses05F_impro03_M041.wav,/mnt/data/IEMOCAP/Session5/sentences/wav/Ses05F_impro03/Ses05F_impro03_M041.wav,happiness,2.33,2-87799-A-24.wav,28475.0,35931.0,5,Test
4402,/mnt/data/IEMOCAP-happy-cough/Session5/sentences/wav/Ses05F_impro03/Ses05F_impro03_M045.wav,/mnt/data/IEMOCAP/Session5/sentences/wav/Ses05F_impro03/Ses05F_impro03_M045.wav,happiness,4.93,5-251489-A-24.wav,43405.0,56717.0,5,Test
4403,/mnt/data/IEMOCAP-happy-cough/Session5/sentences/wav/Ses05F_impro03/Ses05F_impro03_M046.wav,/mnt/data/IEMOCAP/Session5/sentences/wav/Ses05F_impro03/Ses05F_impro03_M046.wav,happiness,1.61,2-87795-A-24.wav,4509.0,9661.0,5,Test
4404,/mnt/data/IEMOCAP-happy-cough/Session5/sentences/wav/Ses05F_impro03/Ses05F_impro03_M049.wav,/mnt/data/IEMOCAP/Session5/sentences/wav/Ses05F_impro03/Ses05F_impro03_M049.wav,happiness,3.93,3-149042-A-24.wav,36766.0,47006.0,5,Test
4406,/mnt/data/IEMOCAP-happy-cough/Session5/sentences/wav/Ses05F_impro03/Ses05F_impro03_M051.wav,/mnt/data/IEMOCAP/Session5/sentences/wav/Ses05F_impro03/Ses05F_impro03_M051.wav,happiness,2.5899375,1-58792-A-24.wav,27262.0,35549.0,5,Test
4407,/mnt/data/IEMOCAP-happy-cough/Session5/sentences/wav/Ses05F_impro03/Ses05F_impro03_M057.wav,/mnt/data/IEMOCAP/Session5/sentences/wav/Ses05F_impro03/Ses05F_impro03_M057.wav,happiness,1.2399375,5-209719-A-24.wav,5282.0,9249.0,5,Test
4409,/mnt/data/IEMOCAP-happy-cough/Session5/sentences/wav/Ses05F_impro03/Ses05F_impro03_M060.wav,/mnt/data/IEMOCAP/Session5/sentences/wav/Ses05F_impro03/Ses05F_impro03_M060.wav,happiness,1.6,3-145487-A-24.wav,11874.0,16994.0,5,Test
4411,/mnt/data/IEMOCAP-happy-cough/Session5/sentences/wav/Ses05F_impro03/Ses05F_impro03_M062.wav,/mnt/data/IEMOCAP/Session5/sentences/wav/Ses05F_impro03/Ses05F_impro03_M062.wav,happiness,1.61,2-87412-A-24.wav,9738.0,14890.0,5,Test
4413,/mnt/data/IEMOCAP-happy-cough/Session5/sentences/wav/Ses05F_impro03/Ses05F_impro03_M064.wav,/mnt/data/IEMOCAP/Session5/sentences/wav/Ses05F_impro03/Ses05F_impro03_M064.wav,happiness,1.7599375,1-53663-A-24.wav,3961.0,9592.0,5,Test
4414,/mnt/data/IEMOCAP-happy-cough/Session5/sentences/wav/Ses05F_impro03/Ses05F_impro03_M065.wav,/mnt/data/IEMOCAP/Session5/sentences/wav/Ses05F_impro03/Ses05F_impro03_M065.wav,happiness,3.8299375,1-19118-A-24.wav,42155.0,52395.0,5,Test
4416,/mnt/data/IEMOCAP-happy-cough/Session5/sentences/wav/Ses05F_impro03/Ses05F_impro03_M067.wav,/mnt/data/IEMOCAP/Session5/sentences/wav/Ses05F_impro03/Ses05F_impro03_M067.wav,happiness,2.1599375,1-63679-A-24.wav,5028.0,11939.0,5,Test
4417,/mnt/data/IEMOCAP-happy-cough/Session5/sentences/wav/Ses05F_impro03/Ses05F_impro03_M068.wav,/mnt/data/IEMOCAP/Session5/sentences/wav/Ses05F_impro03/Ses05F_impro03_M068.wav,happiness,2.3199375,4-177835-A-24.wav,28010.0,35433.0,5,Test
4579,/mnt/data/IEMOCAP-happy-cough/Session5/sentences/wav/Ses05F_impro07/Ses05F_impro07_F000.wav,/mnt/data/IEMOCAP/Session5/sentences/wav/Ses05F_impro07/Ses05F_impro07_F000.wav,happiness,1.9341875,2-85292-A-24.wav,3583.0,9772.0,5,Test
4584,/mnt/data/IEMOCAP-happy-cough/Session5/sentences/wav/Ses05F_impro07/Ses05F_impro07_F005.wav,/mnt/data/IEMOCAP/Session5/sentences/wav/Ses05F_impro07/Ses05F_impro07_F005.wav,happiness,1.73,5-178997-A-24.wav,10149.0,15685.0,5,Test
4593,/mnt/data/IEMOCAP-happy-cough/Session5/sentences/wav/Ses05F_impro07/Ses05F_impro07_F016.wav,/mnt/data/IEMOCAP/Session5/sentences/wav/Ses05F_impro07/Ses05F_impro07_F016.wav,happiness,2.72,3-142604-A-24.wav,20632.0,29336.0,5,Test
4597,/mnt/data/IEMOCAP-happy-cough/Session5/sentences/wav/Ses05F_impro07/Ses05F_impro07_F024.wav,/mnt/data/IEMOCAP/Session5/sentences/wav/Ses05F_impro07/Ses05F_impro07_F024.wav,happiness,2.0599375,5-209719-A-24.wav,25808.0,32399.0,5,Test
4600,/mnt/data/IEMOCAP-happy-cough/Session5/sentences/wav/Ses05F_impro07/Ses05F_impro07_F027.wav,/mnt/data/IEMOCAP/Session5/sentences/wav/Ses05F_impro07/Ses05F_impro07_F027.wav,happiness,1.49,1-52266-A-24.wav,14872.0,19640.0,5,Test
4603,/mnt/data/IEMOCAP-happy-cough/Session5/sentences/wav/Ses05F_impro07/Ses05F_impro07_F030.wav,/mnt/data/IEMOCAP/Session5/sentences/wav/Ses05F_impro07/Ses05F_impro07_F030.wav,happiness,2.2399375,4-177835-A-24.wav,3454.0,10621.0,5,Test
4608,/mnt/data/IEMOCAP-happy-cough/Session5/sentences/wav/Ses05F_impro07/Ses05F_impro07_F035.wav,/mnt/data/IEMOCAP/Session5/sentences/wav/Ses05F_impro07/Ses05F_impro07_F035.wav,happiness,2.93,5-209719-A-24.wav,6012.0,15388.0,5,Test
4610,/mnt/data/IEMOCAP-happy-cough/Session5/sentences/wav/Ses05F_impro07/Ses05F_impro07_F037.wav,/mnt/data/IEMOCAP/Session5/sentences/wav/Ses05F_impro07/Ses05F_impro07_F037.wav,happiness,1.0799375,3-125418-A-24.wav,10037.0,13492.0,5,Test
4612,/mnt/data/IEMOCAP-happy-cough/Session5/sentences/wav/Ses05F_impro07/Ses05F_impro07_F039.wav,/mnt/data/IEMOCAP/Session5/sentences/wav/Ses05F_impro07/Ses05F_impro07_F039.wav,happiness,1.1599375,3-151213-A-24.wav,9148.0,12859.0,5,Test
4613,/mnt/data/IEMOCAP-happy-cough/Session5/sentences/wav/Ses05F_impro07/Ses05F_impro07_M000.wav,/mnt/data/IEMOCAP/Session5/sentences/wav/Ses05F_impro07/Ses05F_impro07_M000.wav,happiness,1.05525,2-85292-A-24.wav,12794.0,16170.0,5,Test
4614,/mnt/data/IEMOCAP-happy-cough/Session5/sentences/wav/Ses05F_impro07/Ses05F_impro07_M001.wav,/mnt/data/IEMOCAP/Session5/sentences/wav/Ses05F_impro07/Ses05F_impro07_M001.wav,happiness,2.93,4-155650-A-24.wav,15611.0,24987.0,5,Test
4623,/mnt/data/IEMOCAP-happy-cough/Session5/sentences/wav/Ses05F_impro07/Ses05F_impro07_M011.wav,/mnt/data/IEMOCAP/Session5/sentences/wav/Ses05F_impro07/Ses05F_impro07_M011.wav,happiness,5.23,1-19111-A-24.wav,1015.0,15863.0,5,Test
4626,/mnt/data/IEMOCAP-happy-cough/Session5/sentences/wav/Ses05F_impro07/Ses05F_impro07_M014.wav,/mnt/data/IEMOCAP/Session5/sentences/wav/Ses05F_impro07/Ses05F_impro07_M014.wav,happiness,4.1599375,3-145487-A-24.wav,45528.0,58328.0,5,Test
4629,/mnt/data/IEMOCAP-happy-cough/Session5/sentences/wav/Ses05F_impro07/Ses05F_impro07_M017.wav,/mnt/data/IEMOCAP/Session5/sentences/wav/Ses05F_impro07/Ses05F_impro07_M017.wav,happiness,2.5099375,2-85292-A-24.wav,14793.0,22824.0,5,Test
4630,/mnt/data/IEMOCAP-happy-cough/Session5/sentences/wav/Ses05F_impro07/Ses05F_impro07_M018.wav,/mnt/data/IEMOCAP/Session5/sentences/wav/Ses05F_impro07/Ses05F_impro07_M018.wav,happiness,6.5899375,1-19118-A-24.wav,55920.0,66160.0,5,Test
4633,/mnt/data/IEMOCAP-happy-cough/Session5/sentences/wav/Ses05F_impro07/Ses05F_impro07_M021.wav,/mnt/data/IEMOCAP/Session5/sentences/wav/Ses05F_impro07/Ses05F_impro07_M021.wav,happiness,3.72,1-19118-A-24.wav,19315.0,29555.0,5,Test
4634,/mnt/data/IEMOCAP-happy-cough/Session5/sentences/wav/Ses05F_impro07/Ses05F_impro07_M024.wav,/mnt/data/IEMOCAP/Session5/sentences/wav/Ses05F_impro07/Ses05F_impro07_M024.wav,happiness,3.67,3-149042-A-24.wav,18540.0,28780.0,5,Test
4640,/mnt/data/IEMOCAP-happy-cough/Session5/sentences/wav/Ses05F_impro07/Ses05F_impro07_M031.wav,/mnt/data/IEMOCAP/Session5/sentences/wav/Ses05F_impro07/Ses05F_impro07_M031.wav,happiness,1.5099375,5-204604-A-24.wav,4416.0,9247.0,5,Test
4642,/mnt/data/IEMOCAP-happy-cough/Session5/sentences/wav/Ses05F_impro07/Ses05F_impro07_M033.wav,/mnt/data/IEMOCAP/Session5/sentences/wav/Ses05F_impro07/Ses05F_impro07_M033.wav,happiness,1.5099375,1-52323-A-24.wav,11043.0,15874.0,5,Test
4643,/mnt/data/IEMOCAP-happy-cough/Session5/sentences/wav/Ses05F_impro07/Ses05F_impro07_M034.wav,/mnt/data/IEMOCAP/Session5/sentences/wav/Ses05F_impro07/Ses05F_impro07_M034.wav,happiness,1.8899375,4-155650-B-24.wav,18266.0,24313.0,5,Test
4644,/mnt/data/IEMOCAP-happy-cough/Session5/sentences/wav/Ses05F_impro07/Ses05F_impro07_M035.wav,/mnt/data/IEMOCAP/Session5/sentences/wav/Ses05F_impro07/Ses05F_impro07_M035.wav,happiness,3.4,1-19118-A-24.wav,9927.0,20167.0,5,Test
4645,/mnt/data/IEMOCAP-happy-cough/Session5/sentences/wav/Ses05F_impro07/Ses05F_impro07_M036.wav,/mnt/data/IEMOCAP/Session5/sentences/wav/Ses05F_impro07/Ses05F_impro07_M036.wav,happiness,6.283375,1-19118-A-24.wav,57552.0,67792.0,5,Test
4686,/mnt/data/IEMOCAP-happy-cough/Session5/sentences/wav/Ses05F_impro08/Ses05F_impro08_M025.wav,/mnt/data/IEMOCAP/Session5/sentences/wav/Ses05F_impro08/Ses05F_impro08_M025.wav,happiness,3.4099375,3-149042-A-24.wav,21800.0,32040.0,5,Test
4687,/mnt/data/IEMOCAP-happy-cough/Session5/sentences/wav/Ses05F_impro08/Ses05F_impro08_M026.wav,/mnt/data/IEMOCAP/Session5/sentences/wav/Ses05F_impro08/Ses05F_impro08_M026.wav,happiness,1.6775,1-53663-A-24.wav,561.0,5929.0,5,Test
4689,/mnt/data/IEMOCAP-happy-cough/Session5/sentences/wav/Ses05F_impro08/Ses05F_impro08_M028.wav,/mnt/data/IEMOCAP/Session5/sentences/wav/Ses05F_impro08/Ses05F_impro08_M028.wav,happiness,5.55,1-19118-A-24.wav,15749.0,25989.0,5,Test
4690,/mnt/data/IEMOCAP-happy-cough/Session5/sentences/wav/Ses05F_impro08/Ses05F_impro08_M030.wav,/mnt/data/IEMOCAP/Session5/sentences/wav/Ses05F_impro08/Ses05F_impro08_M030.wav,happiness,4.8199375,5-251489-A-24.wav,17852.0,31164.0,5,Test
4691,/mnt/data/IEMOCAP-happy-cough/Session5/sentences/wav/Ses05F_impro08/Ses05F_impro08_M031.wav,/mnt/data/IEMOCAP/Session5/sentences/wav/Ses05F_impro08/Ses05F_impro08_M031.wav,happiness,2.36,5-209719-A-24.wav,3446.0,10998.0,5,Test
4736,/mnt/data/IEMOCAP-happy-cough/Session5/sentences/wav/Ses05F_script01_3/Ses05F_script01_3_F000.wav,/mnt/data/IEMOCAP/Session5/sentences/wav/Ses05F_script01_3/Ses05F_script01_3_F000.wav,happiness,3.322125,3-149042-A-24.wav,25847.0,36087.0,5,Test
4737,/mnt/data/IEMOCAP-happy-cough/Session5/sentences/wav/Ses05F_script01_3/Ses05F_script01_3_F001.wav,/mnt/data/IEMOCAP/Session5/sentences/wav/Ses05F_script01_3/Ses05F_script01_3_F001.wav,happiness,1.772625,3-142604-A-24.wav,12292.0,17964.0,5,Test
4738,/mnt/data/IEMOCAP-happy-cough/Session5/sentences/wav/Ses05F_script01_3/Ses05F_script01_3_F002.wav,/mnt/data/IEMOCAP/Session5/sentences/wav/Ses05F_script01_3/Ses05F_script01_3_F002.wav,happiness,4.81725,5-209719-A-24.wav,6379.0,21739.0,5,Test
4739,/mnt/data/IEMOCAP-happy-cough/Session5/sentences/wav/Ses05F_script01_3/Ses05F_script01_3_F003.wav,/mnt/data/IEMOCAP/Session5/sentences/wav/Ses05F_script01_3/Ses05F_script01_3_F003.wav,happiness,4.9675,1-19118-A-24.wav,49924.0,60164.0,5,Test
4742,/mnt/data/IEMOCAP-happy-cough/Session5/sentences/wav/Ses05F_script01_3/Ses05F_script01_3_F009.wav,/mnt/data/IEMOCAP/Session5/sentences/wav/Ses05F_script01_3/Ses05F_script01_3_F009.wav,happiness,3.915875,3-149042-A-24.wav,42115.0,52355.0,5,Test
4743,/mnt/data/IEMOCAP-happy-cough/Session5/sentences/wav/Ses05F_script01_3/Ses05F_script01_3_F015.wav,/mnt/data/IEMOCAP/Session5/sentences/wav/Ses05F_script01_3/Ses05F_script01_3_F015.wav,happiness,7.46125,3-145487-A-24.wav,15625.0,28425.0,5,Test
4744,/mnt/data/IEMOCAP-happy-cough/Session5/sentences/wav/Ses05F_script01_3/Ses05F_script01_3_F016.wav,/mnt/data/IEMOCAP/Session5/sentences/wav/Ses05F_script01_3/Ses05F_script01_3_F016.wav,happiness,2.30625,3-149042-A-24.wav,21798.0,29178.0,5,Test
4745,/mnt/data/IEMOCAP-happy-cough/Session5/sentences/wav/Ses05F_script01_3/Ses05F_script01_3_F017.wav,/mnt/data/IEMOCAP/Session5/sentences/wav/Ses05F_script01_3/Ses05F_script01_3_F017.wav,happiness,7.861875,5-209719-A-24.wav,32936.0,48296.0,5,Test
4758,/mnt/data/IEMOCAP-happy-cough/Session5/sentences/wav/Ses05F_script01_3/Ses05F_script01_3_M009.wav,/mnt/data/IEMOCAP/Session5/sentences/wav/Ses05F_script01_3/Ses05F_script01_3_M009.wav,happiness,15.546,5-204604-A-24.wav,182628.0,205156.0,5,Test
4759,/mnt/data/IEMOCAP-happy-cough/Session5/sentences/wav/Ses05F_script01_3/Ses05F_script01_3_M010.wav,/mnt/data/IEMOCAP/Session5/sentences/wav/Ses05F_script01_3/Ses05F_script01_3_M010.wav,happiness,12.3653125,5-204604-A-24.wav,58105.0,80633.0,5,Test
4761,/mnt/data/IEMOCAP-happy-cough/Session5/sentences/wav/Ses05F_script01_3/Ses05F_script01_3_M017.wav,/mnt/data/IEMOCAP/Session5/sentences/wav/Ses05F_script01_3/Ses05F_script01_3_M017.wav,happiness,5.227875,1-19111-A-24.wav,57278.0,72126.0,5,Test
4779,/mnt/data/IEMOCAP-happy-cough/Session5/sentences/wav/Ses05F_script01_3/Ses05F_script01_3_M040.wav,/mnt/data/IEMOCAP/Session5/sentences/wav/Ses05F_script01_3/Ses05F_script01_3_M040.wav,happiness,5.0275625,1-19111-A-24.wav,28650.0,43498.0,5,Test
4791,/mnt/data/IEMOCAP-happy-cough/Session5/sentences/wav/Ses05F_script02_1/Ses05F_script02_1_M003.wav,/mnt/data/IEMOCAP/Session5/sentences/wav/Ses05F_script02_1/Ses05F_script02_1_M003.wav,happiness,7.017125,1-19111-A-24.wav,8284.0,23132.0,5,Test
4793,/mnt/data/IEMOCAP-happy-cough/Session5/sentences/wav/Ses05F_script02_1/Ses05F_script02_1_M010.wav,/mnt/data/IEMOCAP/Session5/sentences/wav/Ses05F_script02_1/Ses05F_script02_1_M010.wav,happiness,11.4375,3-146873-A-24.wav,103395.0,128483.0,5,Test
4794,/mnt/data/IEMOCAP-happy-cough/Session5/sentences/wav/Ses05F_script02_1/Ses05F_script02_1_M011.wav,/mnt/data/IEMOCAP/Session5/sentences/wav/Ses05F_script02_1/Ses05F_script02_1_M011.wav,happiness,8.645875,3-151212-A-24.wav,112616.0,134632.0,5,Test
4795,/mnt/data/IEMOCAP-happy-cough/Session5/sentences/wav/Ses05F_script02_1/Ses05F_script02_1_M012.wav,/mnt/data/IEMOCAP/Session5/sentences/wav/Ses05F_script02_1/Ses05F_script02_1_M012.wav,happiness,1.9300625,2-123896-A-24.wav,10298.0,16474.0,5,Test
4796,/mnt/data/IEMOCAP-happy-cough/Session5/sentences/wav/Ses05F_script02_1/Ses05F_script02_1_M014.wav,/mnt/data/IEMOCAP/Session5/sentences/wav/Ses05F_script02_1/Ses05F_script02_1_M014.wav,happiness,1.41425,2-98676-A-24.wav,3755.0,8280.0,5,Test
4797,/mnt/data/IEMOCAP-happy-cough/Session5/sentences/wav/Ses05F_script02_1/Ses05F_script02_1_M018.wav,/mnt/data/IEMOCAP/Session5/sentences/wav/Ses05F_script02_1/Ses05F_script02_1_M018.wav,happiness,7.2453125,5-251489-A-24.wav,59501.0,72813.0,5,Test
4800,/mnt/data/IEMOCAP-happy-cough/Session5/sentences/wav/Ses05F_script02_1/Ses05F_script02_1_M021.wav,/mnt/data/IEMOCAP/Session5/sentences/wav/Ses05F_script02_1/Ses05F_script02_1_M021.wav,happiness,4.9091875,1-19111-A-24.wav,57902.0,72750.0,5,Test
4802,/mnt/data/IEMOCAP-happy-cough/Session5/sentences/wav/Ses05F_script02_1/Ses05F_script02_1_M024.wav,/mnt/data/IEMOCAP/Session5/sentences/wav/Ses05F_script02_1/Ses05F_script02_1_M024.wav,happiness,8.150625,5-204604-A-24.wav,66582.0,89110.0,5,Test
4805,/mnt/data/IEMOCAP-happy-cough/Session5/sentences/wav/Ses05F_script02_1/Ses05F_script02_1_M031.wav,/mnt/data/IEMOCAP/Session5/sentences/wav/Ses05F_script02_1/Ses05F_script02_1_M031.wav,happiness,15.6655,3-149042-A-24.wav,131512.0,141752.0,5,Test
4806,/mnt/data/IEMOCAP-happy-cough/Session5/sentences/wav/Ses05F_script02_1/Ses05F_script02_1_M032.wav,/mnt/data/IEMOCAP/Session5/sentences/wav/Ses05F_script02_1/Ses05F_script02_1_M032.wav,happiness,10.722625,2-98676-A-24.wav,7464.0,30504.0,5,Test
4807,/mnt/data/IEMOCAP-happy-cough/Session5/sentences/wav/Ses05F_script02_1/Ses05F_script02_1_M033.wav,/mnt/data/IEMOCAP/Session5/sentences/wav/Ses05F_script02_1/Ses05F_script02_1_M033.wav,happiness,29.0465,4-155650-A-24.wav,328784.0,408784.0,5,Test
4808,/mnt/data/IEMOCAP-happy-cough/Session5/sentences/wav/Ses05F_script02_1/Ses05F_script02_1_M034.wav,/mnt/data/IEMOCAP/Session5/sentences/wav/Ses05F_script02_1/Ses05F_script02_1_M034.wav,happiness,4.3199375,3-149042-A-24.wav,22352.0,32592.0,5,Test
4812,/mnt/data/IEMOCAP-happy-cough/Session5/sentences/wav/Ses05F_script02_2/Ses05F_script02_2_F015.wav,/mnt/data/IEMOCAP/Session5/sentences/wav/Ses05F_script02_2/Ses05F_script02_2_F015.wav,happiness,10.5259375,3-149042-A-24.wav,38341.0,48581.0,5,Test
4824,/mnt/data/IEMOCAP-happy-cough/Session5/sentences/wav/Ses05F_script02_2/Ses05F_script02_2_F033.wav,/mnt/data/IEMOCAP/Session5/sentences/wav/Ses05F_script02_2/Ses05F_script02_2_F033.wav,happiness,6.8501875,3-151213-A-24.wav,31064.0,49496.0,5,Test
4825,/mnt/data/IEMOCAP-happy-cough/Session5/sentences/wav/Ses05F_script02_2/Ses05F_script02_2_F034.wav,/mnt/data/IEMOCAP/Session5/sentences/wav/Ses05F_script02_2/Ses05F_script02_2_F034.wav,happiness,9.8910625,5-204604-A-24.wav,64166.0,86694.0,5,Test
4827,/mnt/data/IEMOCAP-happy-cough/Session5/sentences/wav/Ses05F_script02_2/Ses05F_script02_2_M000.wav,/mnt/data/IEMOCAP/Session5/sentences/wav/Ses05F_script02_2/Ses05F_script02_2_M000.wav,happiness,3.81,3-149042-A-24.wav,34242.0,44482.0,5,Test
4833,/mnt/data/IEMOCAP-happy-cough/Session5/sentences/wav/Ses05F_script02_2/Ses05F_script02_2_M018.wav,/mnt/data/IEMOCAP/Session5/sentences/wav/Ses05F_script02_2/Ses05F_script02_2_M018.wav,happiness,7.369875,1-19118-A-24.wav,97345.0,107585.0,5,Test
4834,/mnt/data/IEMOCAP-happy-cough/Session5/sentences/wav/Ses05F_script02_2/Ses05F_script02_2_M019.wav,/mnt/data/IEMOCAP/Session5/sentences/wav/Ses05F_script02_2/Ses05F_script02_2_M019.wav,happiness,2.172,4-155650-A-24.wav,5888.0,12838.0,5,Test
4840,/mnt/data/IEMOCAP-happy-cough/Session5/sentences/wav/Ses05F_script02_2/Ses05F_script02_2_M035.wav,/mnt/data/IEMOCAP/Session5/sentences/wav/Ses05F_script02_2/Ses05F_script02_2_M035.wav,happiness,6.8501875,3-149042-A-24.wav,36472.0,46712.0,5,Test
4841,/mnt/data/IEMOCAP-happy-cough/Session5/sentences/wav/Ses05F_script02_2/Ses05F_script02_2_M036.wav,/mnt/data/IEMOCAP/Session5/sentences/wav/Ses05F_script02_2/Ses05F_script02_2_M036.wav,happiness,6.702125,5-251489-A-24.wav,85649.0,98961.0,5,Test
4843,/mnt/data/IEMOCAP-happy-cough/Session5/sentences/wav/Ses05F_script02_2/Ses05F_script02_2_M040.wav,/mnt/data/IEMOCAP/Session5/sentences/wav/Ses05F_script02_2/Ses05F_script02_2_M040.wav,happiness,5.1794375,5-251489-A-24.wav,32275.0,45587.0,5,Test
4844,/mnt/data/IEMOCAP-happy-cough/Session5/sentences/wav/Ses05F_script02_2/Ses05F_script02_2_M041.wav,/mnt/data/IEMOCAP/Session5/sentences/wav/Ses05F_script02_2/Ses05F_script02_2_M041.wav,happiness,1.8378125,4-154443-A-24.wav,2887.0,8768.0,5,Test
4846,/mnt/data/IEMOCAP-happy-cough/Session5/sentences/wav/Ses05F_script03_1/Ses05F_script03_1_F006.wav,/mnt/data/IEMOCAP/Session5/sentences/wav/Ses05F_script03_1/Ses05F_script03_1_F006.wav,happiness,2.0099375,5-209719-A-24.wav,5622.0,12053.0,5,Test
4847,/mnt/data/IEMOCAP-happy-cough/Session5/sentences/wav/Ses05F_script03_1/Ses05F_script03_1_F007.wav,/mnt/data/IEMOCAP/Session5/sentences/wav/Ses05F_script03_1/Ses05F_script03_1_F007.wav,happiness,2.7699375,5-208761-A-24.wav,9748.0,18611.0,5,Test
4857,/mnt/data/IEMOCAP-happy-cough/Session5/sentences/wav/Ses05F_script03_1/Ses05F_script03_1_M000.wav,/mnt/data/IEMOCAP/Session5/sentences/wav/Ses05F_script03_1/Ses05F_script03_1_M000.wav,happiness,2.34,5-211197-A-24.wav,9509.0,16997.0,5,Test
4858,/mnt/data/IEMOCAP-happy-cough/Session5/sentences/wav/Ses05F_script03_1/Ses05F_script03_1_M001.wav,/mnt/data/IEMOCAP/Session5/sentences/wav/Ses05F_script03_1/Ses05F_script03_1_M001.wav,happiness,2.09,5-209719-A-24.wav,12258.0,18946.0,5,Test
4859,/mnt/data/IEMOCAP-happy-cough/Session5/sentences/wav/Ses05F_script03_1/Ses05F_script03_1_M005.wav,/mnt/data/IEMOCAP/Session5/sentences/wav/Ses05F_script03_1/Ses05F_script03_1_M005.wav,happiness,7.6999375,5-209719-A-24.wav,107565.0,122925.0,5,Test
4860,/mnt/data/IEMOCAP-happy-cough/Session5/sentences/wav/Ses05F_script03_1/Ses05F_script03_1_M007.wav,/mnt/data/IEMOCAP/Session5/sentences/wav/Ses05F_script03_1/Ses05F_script03_1_M007.wav,happiness,2.09,1-19111-A-24.wav,17402.0,24090.0,5,Test
4864,/mnt/data/IEMOCAP-happy-cough/Session5/sentences/wav/Ses05F_script03_1/Ses05F_script03_1_M015.wav,/mnt/data/IEMOCAP/Session5/sentences/wav/Ses05F_script03_1/Ses05F_script03_1_M015.wav,happiness,1.5199375,4-177835-A-24.wav,13341.0,18204.0,5,Test
4865,/mnt/data/IEMOCAP-happy-cough/Session5/sentences/wav/Ses05F_script03_1/Ses05F_script03_1_M016.wav,/mnt/data/IEMOCAP/Session5/sentences/wav/Ses05F_script03_1/Ses05F_script03_1_M016.wav,happiness,4.07,3-145487-A-24.wav,14453.0,27253.0,5,Test
4866,/mnt/data/IEMOCAP-happy-cough/Session5/sentences/wav/Ses05F_script03_1/Ses05F_script03_1_M017.wav,/mnt/data/IEMOCAP/Session5/sentences/wav/Ses05F_script03_1/Ses05F_script03_1_M017.wav,happiness,2.49,2-87795-A-24.wav,22125.0,30093.0,5,Test
4867,/mnt/data/IEMOCAP-happy-cough/Session5/sentences/wav/Ses05F_script03_1/Ses05F_script03_1_M018.wav,/mnt/data/IEMOCAP/Session5/sentences/wav/Ses05F_script03_1/Ses05F_script03_1_M018.wav,happiness,2.18,5-251489-A-24.wav,8966.0,15942.0,5,Test
4868,/mnt/data/IEMOCAP-happy-cough/Session5/sentences/wav/Ses05F_script03_1/Ses05F_script03_1_M019.wav,/mnt/data/IEMOCAP/Session5/sentences/wav/Ses05F_script03_1/Ses05F_script03_1_M019.wav,happiness,6.1099375,5-251489-A-24.wav,38764.0,52076.0,5,Test
4870,/mnt/data/IEMOCAP-happy-cough/Session5/sentences/wav/Ses05F_script03_1/Ses05F_script03_1_M021.wav,/mnt/data/IEMOCAP/Session5/sentences/wav/Ses05F_script03_1/Ses05F_script03_1_M021.wav,happiness,8.98,4-169726-A-24.wav,87845.0,107813.0,5,Test
4871,/mnt/data/IEMOCAP-happy-cough/Session5/sentences/wav/Ses05F_script03_1/Ses05F_script03_1_M022.wav,/mnt/data/IEMOCAP/Session5/sentences/wav/Ses05F_script03_1/Ses05F_script03_1_M022.wav,happiness,6.6999375,3-145487-A-24.wav,76983.0,89783.0,5,Test
4872,/mnt/data/IEMOCAP-happy-cough/Session5/sentences/wav/Ses05F_script03_1/Ses05F_script03_1_M024.wav,/mnt/data/IEMOCAP/Session5/sentences/wav/Ses05F_script03_1/Ses05F_script03_1_M024.wav,happiness,4.1599375,3-149042-A-24.wav,25103.0,35343.0,5,Test
4874,/mnt/data/IEMOCAP-happy-cough/Session5/sentences/wav/Ses05F_script03_1/Ses05F_script03_1_M026.wav,/mnt/data/IEMOCAP/Session5/sentences/wav/Ses05F_script03_1/Ses05F_script03_1_M026.wav,happiness,2.62,1-30830-A-24.wav,11863.0,20247.0,5,Test
4876,/mnt/data/IEMOCAP-happy-cough/Session5/sentences/wav/Ses05F_script03_1/Ses05F_script03_1_M028.wav,/mnt/data/IEMOCAP/Session5/sentences/wav/Ses05F_script03_1/Ses05F_script03_1_M028.wav,happiness,6.97,1-19118-A-24.wav,13024.0,23264.0,5,Test
4880,/mnt/data/IEMOCAP-happy-cough/Session5/sentences/wav/Ses05F_script03_1/Ses05F_script03_1_M032.wav,/mnt/data/IEMOCAP/Session5/sentences/wav/Ses05F_script03_1/Ses05F_script03_1_M032.wav,happiness,2.7099375,3-146873-A-24.wav,5378.0,14049.0,5,Test
4968,/mnt/data/IEMOCAP-happy-cough/Session5/sentences/wav/Ses05M_impro02/Ses05M_impro02_M030.wav,/mnt/data/IEMOCAP/Session5/sentences/wav/Ses05M_impro02/Ses05M_impro02_M030.wav,happiness,4.97,3-149042-A-24.wav,43894.0,54134.0,5,Test
4972,/mnt/data/IEMOCAP-happy-cough/Session5/sentences/wav/Ses05M_impro03/Ses05M_impro03_F004.wav,/mnt/data/IEMOCAP/Session5/sentences/wav/Ses05M_impro03/Ses05M_impro03_F004.wav,happiness,2.75,4-171396-A-24.wav,6250.0,15050.0,5,Test
4973,/mnt/data/IEMOCAP-happy-cough/Session5/sentences/wav/Ses05M_impro03/Ses05M_impro03_F005.wav,/mnt/data/IEMOCAP/Session5/sentences/wav/Ses05M_impro03/Ses05M_impro03_F005.wav,happiness,1.9499375,2-87794-A-24.wav,3029.0,9268.0,5,Test
4981,/mnt/data/IEMOCAP-happy-cough/Session5/sentences/wav/Ses05M_impro03/Ses05M_impro03_F013.wav,/mnt/data/IEMOCAP/Session5/sentences/wav/Ses05M_impro03/Ses05M_impro03_F013.wav,happiness,2.18,5-204604-A-24.wav,9735.0,16711.0,5,Test
4983,/mnt/data/IEMOCAP-happy-cough/Session5/sentences/wav/Ses05M_impro03/Ses05M_impro03_F015.wav,/mnt/data/IEMOCAP/Session5/sentences/wav/Ses05M_impro03/Ses05M_impro03_F015.wav,happiness,1.81,1-53663-A-24.wav,16998.0,22790.0,5,Test
4984,/mnt/data/IEMOCAP-happy-cough/Session5/sentences/wav/Ses05M_impro03/Ses05M_impro03_F016.wav,/mnt/data/IEMOCAP/Session5/sentences/wav/Ses05M_impro03/Ses05M_impro03_F016.wav,happiness,1.8399375,4-169726-A-24.wav,12939.0,18826.0,5,Test
4985,/mnt/data/IEMOCAP-happy-cough/Session5/sentences/wav/Ses05M_impro03/Ses05M_impro03_F017.wav,/mnt/data/IEMOCAP/Session5/sentences/wav/Ses05M_impro03/Ses05M_impro03_F017.wav,happiness,3.0599375,1-63679-A-24.wav,21580.0,31371.0,5,Test
4989,/mnt/data/IEMOCAP-happy-cough/Session5/sentences/wav/Ses05M_impro03/Ses05M_impro03_F021.wav,/mnt/data/IEMOCAP/Session5/sentences/wav/Ses05M_impro03/Ses05M_impro03_F021.wav,happiness,4.22625,5-251489-A-24.wav,32646.0,45958.0,5,Test
4990,/mnt/data/IEMOCAP-happy-cough/Session5/sentences/wav/Ses05M_impro03/Ses05M_impro03_F022.wav,/mnt/data/IEMOCAP/Session5/sentences/wav/Ses05M_impro03/Ses05M_impro03_F022.wav,happiness,2.23,3-151212-A-24.wav,2977.0,10113.0,5,Test
4991,/mnt/data/IEMOCAP-happy-cough/Session5/sentences/wav/Ses05M_impro03/Ses05M_impro03_F023.wav,/mnt/data/IEMOCAP/Session5/sentences/wav/Ses05M_impro03/Ses05M_impro03_F023.wav,happiness,1.9599375,3-132601-A-24.wav,4920.0,11191.0,5,Test
4996,/mnt/data/IEMOCAP-happy-cough/Session5/sentences/wav/Ses05M_impro03/Ses05M_impro03_M000.wav,/mnt/data/IEMOCAP/Session5/sentences/wav/Ses05M_impro03/Ses05M_impro03_M000.wav,happiness,1.9499375,1-30830-A-24.wav,21347.0,27586.0,5,Test
4998,/mnt/data/IEMOCAP-happy-cough/Session5/sentences/wav/Ses05M_impro03/Ses05M_impro03_M002.wav,/mnt/data/IEMOCAP/Session5/sentences/wav/Ses05M_impro03/Ses05M_impro03_M002.wav,happiness,2.1199375,2-87794-A-24.wav,10511.0,17294.0,5,Test
5000,/mnt/data/IEMOCAP-happy-cough/Session5/sentences/wav/Ses05M_impro03/Ses05M_impro03_M004.wav,/mnt/data/IEMOCAP/Session5/sentences/wav/Ses05M_impro03/Ses05M_impro03_M004.wav,happiness,7.07,3-151213-A-24.wav,71716.0,90148.0,5,Test
5001,/mnt/data/IEMOCAP-happy-cough/Session5/sentences/wav/Ses05M_impro03/Ses05M_impro03_M006.wav,/mnt/data/IEMOCAP/Session5/sentences/wav/Ses05M_impro03/Ses05M_impro03_M006.wav,happiness,12.4699375,5-204604-A-24.wav,98769.0,121297.0,5,Test
5003,/mnt/data/IEMOCAP-happy-cough/Session5/sentences/wav/Ses05M_impro03/Ses05M_impro03_M008.wav,/mnt/data/IEMOCAP/Session5/sentences/wav/Ses05M_impro03/Ses05M_impro03_M008.wav,happiness,10.4399375,1-19111-A-24.wav,38008.0,52856.0,5,Test
5008,/mnt/data/IEMOCAP-happy-cough/Session5/sentences/wav/Ses05M_impro03/Ses05M_impro03_M013.wav,/mnt/data/IEMOCAP/Session5/sentences/wav/Ses05M_impro03/Ses05M_impro03_M013.wav,happiness,3.5099375,1-19118-A-24.wav,28204.0,38444.0,5,Test
5009,/mnt/data/IEMOCAP-happy-cough/Session5/sentences/wav/Ses05M_impro03/Ses05M_impro03_M014.wav,/mnt/data/IEMOCAP/Session5/sentences/wav/Ses05M_impro03/Ses05M_impro03_M014.wav,happiness,6.6299375,3-151213-A-24.wav,77816.0,96248.0,5,Test
5011,/mnt/data/IEMOCAP-happy-cough/Session5/sentences/wav/Ses05M_impro03/Ses05M_impro03_M016.wav,/mnt/data/IEMOCAP/Session5/sentences/wav/Ses05M_impro03/Ses05M_impro03_M016.wav,happiness,12.8,5-204604-A-24.wav,133390.0,155918.0,5,Test
5012,/mnt/data/IEMOCAP-happy-cough/Session5/sentences/wav/Ses05M_impro03/Ses05M_impro03_M018.wav,/mnt/data/IEMOCAP/Session5/sentences/wav/Ses05M_impro03/Ses05M_impro03_M018.wav,happiness,6.74,3-151213-A-24.wav,13235.0,31667.0,5,Test
5015,/mnt/data/IEMOCAP-happy-cough/Session5/sentences/wav/Ses05M_impro03/Ses05M_impro03_M021.wav,/mnt/data/IEMOCAP/Session5/sentences/wav/Ses05M_impro03/Ses05M_impro03_M021.wav,happiness,1.1199375,4-171396-A-24.wav,12804.0,16387.0,5,Test
5016,/mnt/data/IEMOCAP-happy-cough/Session5/sentences/wav/Ses05M_impro03/Ses05M_impro03_M023.wav,/mnt/data/IEMOCAP/Session5/sentences/wav/Ses05M_impro03/Ses05M_impro03_M023.wav,happiness,1.6,5-209719-A-24.wav,13595.0,18715.0,5,Test
5017,/mnt/data/IEMOCAP-happy-cough/Session5/sentences/wav/Ses05M_impro03/Ses05M_impro03_M024.wav,/mnt/data/IEMOCAP/Session5/sentences/wav/Ses05M_impro03/Ses05M_impro03_M024.wav,happiness,3.6399375,1-19118-A-24.wav,15702.0,25942.0,5,Test
5018,/mnt/data/IEMOCAP-happy-cough/Session5/sentences/wav/Ses05M_impro03/Ses05M_impro03_M025.wav,/mnt/data/IEMOCAP/Session5/sentences/wav/Ses05M_impro03/Ses05M_impro03_M025.wav,happiness,8.1899375,1-19111-A-24.wav,46314.0,61162.0,5,Test
5019,/mnt/data/IEMOCAP-happy-cough/Session5/sentences/wav/Ses05M_impro03/Ses05M_impro03_M026.wav,/mnt/data/IEMOCAP/Session5/sentences/wav/Ses05M_impro03/Ses05M_impro03_M026.wav,happiness,3.14,2-87794-A-24.wav,24667.0,34715.0,5,Test
5021,/mnt/data/IEMOCAP-happy-cough/Session5/sentences/wav/Ses05M_impro03/Ses05M_impro03_M028.wav,/mnt/data/IEMOCAP/Session5/sentences/wav/Ses05M_impro03/Ses05M_impro03_M028.wav,happiness,6.25,1-19111-A-24.wav,24695.0,39543.0,5,Test
5022,/mnt/data/IEMOCAP-happy-cough/Session5/sentences/wav/Ses05M_impro03/Ses05M_impro03_M029.wav,/mnt/data/IEMOCAP/Session5/sentences/wav/Ses05M_impro03/Ses05M_impro03_M029.wav,happiness,6.99,1-19111-A-24.wav,71095.0,85943.0,5,Test
5023,/mnt/data/IEMOCAP-happy-cough/Session5/sentences/wav/Ses05M_impro03/Ses05M_impro03_M030.wav,/mnt/data/IEMOCAP/Session5/sentences/wav/Ses05M_impro03/Ses05M_impro03_M030.wav,happiness,7.3799375,5-251489-A-24.wav,98778.0,112090.0,5,Test
5024,/mnt/data/IEMOCAP-happy-cough/Session5/sentences/wav/Ses05M_impro03/Ses05M_impro03_M031.wav,/mnt/data/IEMOCAP/Session5/sentences/wav/Ses05M_impro03/Ses05M_impro03_M031.wav,happiness,4.7099375,1-19111-A-24.wav,40801.0,55649.0,5,Test
5130,/mnt/data/IEMOCAP-happy-cough/Session5/sentences/wav/Ses05M_impro07/Ses05M_impro07_F000.wav,/mnt/data/IEMOCAP/Session5/sentences/wav/Ses05M_impro07/Ses05M_impro07_F000.wav,happiness,1.2199375,2-87794-A-24.wav,907.0,4810.0,5,Test
5131,/mnt/data/IEMOCAP-happy-cough/Session5/sentences/wav/Ses05M_impro07/Ses05M_impro07_F001.wav,/mnt/data/IEMOCAP/Session5/sentences/wav/Ses05M_impro07/Ses05M_impro07_F001.wav,happiness,1.36,5-204604-A-24.wav,16252.0,20604.0,5,Test
5133,/mnt/data/IEMOCAP-happy-cough/Session5/sentences/wav/Ses05M_impro07/Ses05M_impro07_F004.wav,/mnt/data/IEMOCAP/Session5/sentences/wav/Ses05M_impro07/Ses05M_impro07_F004.wav,happiness,1.8,2-123896-A-24.wav,4977.0,10737.0,5,Test
5137,/mnt/data/IEMOCAP-happy-cough/Session5/sentences/wav/Ses05M_impro07/Ses05M_impro07_F009.wav,/mnt/data/IEMOCAP/Session5/sentences/wav/Ses05M_impro07/Ses05M_impro07_F009.wav,happiness,1.9599375,3-149042-A-24.wav,9337.0,15608.0,5,Test
5148,/mnt/data/IEMOCAP-happy-cough/Session5/sentences/wav/Ses05M_impro07/Ses05M_impro07_F021.wav,/mnt/data/IEMOCAP/Session5/sentences/wav/Ses05M_impro07/Ses05M_impro07_F021.wav,happiness,1.8899375,4-154443-A-24.wav,14958.0,21005.0,5,Test
5167,/mnt/data/IEMOCAP-happy-cough/Session5/sentences/wav/Ses05M_impro07/Ses05M_impro07_F041.wav,/mnt/data/IEMOCAP/Session5/sentences/wav/Ses05M_impro07/Ses05M_impro07_F041.wav,happiness,2.2099375,4-155650-A-24.wav,3278.0,10349.0,5,Test
5168,/mnt/data/IEMOCAP-happy-cough/Session5/sentences/wav/Ses05M_impro07/Ses05M_impro07_F042.wav,/mnt/data/IEMOCAP/Session5/sentences/wav/Ses05M_impro07/Ses05M_impro07_F042.wav,happiness,4.98,1-19111-A-24.wav,5132.0,19980.0,5,Test
5170,/mnt/data/IEMOCAP-happy-cough/Session5/sentences/wav/Ses05M_impro07/Ses05M_impro07_F045.wav,/mnt/data/IEMOCAP/Session5/sentences/wav/Ses05M_impro07/Ses05M_impro07_F045.wav,happiness,2.5699375,4-177835-A-24.wav,1689.0,9912.0,5,Test
5172,/mnt/data/IEMOCAP-happy-cough/Session5/sentences/wav/Ses05M_impro07/Ses05M_impro07_M001.wav,/mnt/data/IEMOCAP/Session5/sentences/wav/Ses05M_impro07/Ses05M_impro07_M001.wav,happiness,2.5699375,1-58792-A-24.wav,21328.0,29551.0,5,Test
5175,/mnt/data/IEMOCAP-happy-cough/Session5/sentences/wav/Ses05M_impro07/Ses05M_impro07_M004.wav,/mnt/data/IEMOCAP/Session5/sentences/wav/Ses05M_impro07/Ses05M_impro07_M004.wav,happiness,3.36,1-19118-A-24.wav,12901.0,23141.0,5,Test
5176,/mnt/data/IEMOCAP-happy-cough/Session5/sentences/wav/Ses05M_impro07/Ses05M_impro07_M005.wav,/mnt/data/IEMOCAP/Session5/sentences/wav/Ses05M_impro07/Ses05M_impro07_M005.wav,happiness,1.36,4-155650-B-24.wav,16452.0,20804.0,5,Test
5178,/mnt/data/IEMOCAP-happy-cough/Session5/sentences/wav/Ses05M_impro07/Ses05M_impro07_M007.wav,/mnt/data/IEMOCAP/Session5/sentences/wav/Ses05M_impro07/Ses05M_impro07_M007.wav,happiness,1.5899375,4-155650-B-24.wav,3322.0,8409.0,5,Test
5180,/mnt/data/IEMOCAP-happy-cough/Session5/sentences/wav/Ses05M_impro07/Ses05M_impro07_M011.wav,/mnt/data/IEMOCAP/Session5/sentences/wav/Ses05M_impro07/Ses05M_impro07_M011.wav,happiness,6.5699375,1-19118-A-24.wav,22978.0,33218.0,5,Test
5181,/mnt/data/IEMOCAP-happy-cough/Session5/sentences/wav/Ses05M_impro07/Ses05M_impro07_M013.wav,/mnt/data/IEMOCAP/Session5/sentences/wav/Ses05M_impro07/Ses05M_impro07_M013.wav,happiness,2.0399375,4-177835-A-24.wav,20272.0,26799.0,5,Test
5184,/mnt/data/IEMOCAP-happy-cough/Session5/sentences/wav/Ses05M_impro07/Ses05M_impro07_M017.wav,/mnt/data/IEMOCAP/Session5/sentences/wav/Ses05M_impro07/Ses05M_impro07_M017.wav,happiness,4.99,3-145487-A-24.wav,33192.0,45992.0,5,Test
5189,/mnt/data/IEMOCAP-happy-cough/Session5/sentences/wav/Ses05M_impro07/Ses05M_impro07_M022.wav,/mnt/data/IEMOCAP/Session5/sentences/wav/Ses05M_impro07/Ses05M_impro07_M022.wav,happiness,7.1199375,3-151213-A-24.wav,22347.0,40779.0,5,Test
5190,/mnt/data/IEMOCAP-happy-cough/Session5/sentences/wav/Ses05M_impro07/Ses05M_impro07_M023.wav,/mnt/data/IEMOCAP/Session5/sentences/wav/Ses05M_impro07/Ses05M_impro07_M023.wav,happiness,1.43,5-208761-A-24.wav,18234.0,22810.0,5,Test
5192,/mnt/data/IEMOCAP-happy-cough/Session5/sentences/wav/Ses05M_impro07/Ses05M_impro07_M025.wav,/mnt/data/IEMOCAP/Session5/sentences/wav/Ses05M_impro07/Ses05M_impro07_M025.wav,happiness,5.8999375,3-149042-A-24.wav,83375.0,93615.0,5,Test
5195,/mnt/data/IEMOCAP-happy-cough/Session5/sentences/wav/Ses05M_impro07/Ses05M_impro07_M029.wav,/mnt/data/IEMOCAP/Session5/sentences/wav/Ses05M_impro07/Ses05M_impro07_M029.wav,happiness,2.0099375,4-152995-A-24.wav,5605.0,12036.0,5,Test
5196,/mnt/data/IEMOCAP-happy-cough/Session5/sentences/wav/Ses05M_impro07/Ses05M_impro07_M030.wav,/mnt/data/IEMOCAP/Session5/sentences/wav/Ses05M_impro07/Ses05M_impro07_M030.wav,happiness,1.09,1-19118-A-24.wav,13381.0,16869.0,5,Test
5200,/mnt/data/IEMOCAP-happy-cough/Session5/sentences/wav/Ses05M_impro07/Ses05M_impro07_M034.wav,/mnt/data/IEMOCAP/Session5/sentences/wav/Ses05M_impro07/Ses05M_impro07_M034.wav,happiness,3.81,3-149042-A-24.wav,8180.0,18420.0,5,Test
5204,/mnt/data/IEMOCAP-happy-cough/Session5/sentences/wav/Ses05M_impro07/Ses05M_impro07_M039.wav,/mnt/data/IEMOCAP/Session5/sentences/wav/Ses05M_impro07/Ses05M_impro07_M039.wav,happiness,8.3799375,3-132601-A-24.wav,72815.0,97391.0,5,Test
5206,/mnt/data/IEMOCAP-happy-cough/Session5/sentences/wav/Ses05M_impro07/Ses05M_impro07_M041.wav,/mnt/data/IEMOCAP/Session5/sentences/wav/Ses05M_impro07/Ses05M_impro07_M041.wav,happiness,4.1,3-149042-A-24.wav,33254.0,43494.0,5,Test
5207,/mnt/data/IEMOCAP-happy-cough/Session5/sentences/wav/Ses05M_impro07/Ses05M_impro07_M042.wav,/mnt/data/IEMOCAP/Session5/sentences/wav/Ses05M_impro07/Ses05M_impro07_M042.wav,happiness,1.9399375,4-154443-A-24.wav,21124.0,27331.0,5,Test
5208,/mnt/data/IEMOCAP-happy-cough/Session5/sentences/wav/Ses05M_impro07/Ses05M_impro07_M043.wav,/mnt/data/IEMOCAP/Session5/sentences/wav/Ses05M_impro07/Ses05M_impro07_M043.wav,happiness,4.8299375,5-251489-A-24.wav,22844.0,36156.0,5,Test
5209,/mnt/data/IEMOCAP-happy-cough/Session5/sentences/wav/Ses05M_impro07/Ses05M_impro07_M044.wav,/mnt/data/IEMOCAP/Session5/sentences/wav/Ses05M_impro07/Ses05M_impro07_M044.wav,happiness,5.6299375,1-19118-A-24.wav,54389.0,64629.0,5,Test
5210,/mnt/data/IEMOCAP-happy-cough/Session5/sentences/wav/Ses05M_impro07/Ses05M_impro07_M045.wav,/mnt/data/IEMOCAP/Session5/sentences/wav/Ses05M_impro07/Ses05M_impro07_M045.wav,happiness,4.91,1-19118-A-24.wav,39511.0,49751.0,5,Test
5212,/mnt/data/IEMOCAP-happy-cough/Session5/sentences/wav/Ses05M_impro07/Ses05M_impro07_M047.wav,/mnt/data/IEMOCAP/Session5/sentences/wav/Ses05M_impro07/Ses05M_impro07_M047.wav,happiness,3.5099375,3-149042-A-24.wav,37848.0,48088.0,5,Test
5227,/mnt/data/IEMOCAP-happy-cough/Session5/sentences/wav/Ses05M_impro08/Ses05M_impro08_F022.wav,/mnt/data/IEMOCAP/Session5/sentences/wav/Ses05M_impro08/Ses05M_impro08_F022.wav,happiness,14.46,5-204604-A-24.wav,117929.0,140457.0,5,Test
5228,/mnt/data/IEMOCAP-happy-cough/Session5/sentences/wav/Ses05M_impro08/Ses05M_impro08_F025.wav,/mnt/data/IEMOCAP/Session5/sentences/wav/Ses05M_impro08/Ses05M_impro08_F025.wav,happiness,2.5799375,4-154443-A-24.wav,22073.0,30328.0,5,Test
5230,/mnt/data/IEMOCAP-happy-cough/Session5/sentences/wav/Ses05M_impro08/Ses05M_impro08_F027.wav,/mnt/data/IEMOCAP/Session5/sentences/wav/Ses05M_impro08/Ses05M_impro08_F027.wav,happiness,5.74,5-209719-A-24.wav,55665.0,71025.0,5,Test
5260,/mnt/data/IEMOCAP-happy-cough/Session5/sentences/wav/Ses05M_impro08/Ses05M_impro08_M028.wav,/mnt/data/IEMOCAP/Session5/sentences/wav/Ses05M_impro08/Ses05M_impro08_M028.wav,happiness,1.68,2-87794-A-24.wav,17061.0,22437.0,5,Test
5334,/mnt/data/IEMOCAP-happy-cough/Session5/sentences/wav/Ses05M_script01_3/Ses05M_script01_3_F012.wav,/mnt/data/IEMOCAP/Session5/sentences/wav/Ses05M_script01_3/Ses05M_script01_3_F012.wav,happiness,1.5299375,3-132601-A-24.wav,17564.0,22459.0,5,Test
5335,/mnt/data/IEMOCAP-happy-cough/Session5/sentences/wav/Ses05M_script01_3/Ses05M_script01_3_F013.wav,/mnt/data/IEMOCAP/Session5/sentences/wav/Ses05M_script01_3/Ses05M_script01_3_F013.wav,happiness,7.4,3-149042-A-24.wav,46535.0,56775.0,5,Test
5336,/mnt/data/IEMOCAP-happy-cough/Session5/sentences/wav/Ses05M_script01_3/Ses05M_script01_3_F015.wav,/mnt/data/IEMOCAP/Session5/sentences/wav/Ses05M_script01_3/Ses05M_script01_3_F015.wav,happiness,2.6,3-149042-A-24.wav,6050.0,14370.0,5,Test
5345,/mnt/data/IEMOCAP-happy-cough/Session5/sentences/wav/Ses05M_script01_3/Ses05M_script01_3_F027.wav,/mnt/data/IEMOCAP/Session5/sentences/wav/Ses05M_script01_3/Ses05M_script01_3_F027.wav,happiness,2.8899375,5-178997-A-24.wav,3367.0,12614.0,5,Test
5346,/mnt/data/IEMOCAP-happy-cough/Session5/sentences/wav/Ses05M_script01_3/Ses05M_script01_3_M001.wav,/mnt/data/IEMOCAP/Session5/sentences/wav/Ses05M_script01_3/Ses05M_script01_3_M001.wav,happiness,2.99,4-169726-A-24.wav,28596.0,38164.0,5,Test
5349,/mnt/data/IEMOCAP-happy-cough/Session5/sentences/wav/Ses05M_script01_3/Ses05M_script01_3_M013.wav,/mnt/data/IEMOCAP/Session5/sentences/wav/Ses05M_script01_3/Ses05M_script01_3_M013.wav,happiness,3.1,5-204604-A-24.wav,1701.0,11621.0,5,Test
5351,/mnt/data/IEMOCAP-happy-cough/Session5/sentences/wav/Ses05M_script01_3/Ses05M_script01_3_M017.wav,/mnt/data/IEMOCAP/Session5/sentences/wav/Ses05M_script01_3/Ses05M_script01_3_M017.wav,happiness,4.87,3-149042-A-24.wav,29421.0,39661.0,5,Test
5366,/mnt/data/IEMOCAP-happy-cough/Session5/sentences/wav/Ses05M_script01_3/Ses05M_script01_3_M041.wav,/mnt/data/IEMOCAP/Session5/sentences/wav/Ses05M_script01_3/Ses05M_script01_3_M041.wav,happiness,1.87,1-58792-A-24.wav,15268.0,21252.0,5,Test
5372,/mnt/data/IEMOCAP-happy-cough/Session5/sentences/wav/Ses05M_script02_1/Ses05M_script02_1_M001.wav,/mnt/data/IEMOCAP/Session5/sentences/wav/Ses05M_script02_1/Ses05M_script02_1_M001.wav,happiness,15.1599375,1-30830-A-24.wav,194750.0,222398.0,5,Test
5374,/mnt/data/IEMOCAP-happy-cough/Session5/sentences/wav/Ses05M_script02_1/Ses05M_script02_1_M003.wav,/mnt/data/IEMOCAP/Session5/sentences/wav/Ses05M_script02_1/Ses05M_script02_1_M003.wav,happiness,3.5699375,3-149042-A-24.wav,15992.0,26232.0,5,Test
5376,/mnt/data/IEMOCAP-happy-cough/Session5/sentences/wav/Ses05M_script02_1/Ses05M_script02_1_M006.wav,/mnt/data/IEMOCAP/Session5/sentences/wav/Ses05M_script02_1/Ses05M_script02_1_M006.wav,happiness,12.5099375,3-151213-A-24.wav,54926.0,73358.0,5,Test
5379,/mnt/data/IEMOCAP-happy-cough/Session5/sentences/wav/Ses05M_script02_1/Ses05M_script02_1_M009.wav,/mnt/data/IEMOCAP/Session5/sentences/wav/Ses05M_script02_1/Ses05M_script02_1_M009.wav,happiness,6.8,1-19111-A-24.wav,18284.0,33132.0,5,Test
5380,/mnt/data/IEMOCAP-happy-cough/Session5/sentences/wav/Ses05M_script02_1/Ses05M_script02_1_M010.wav,/mnt/data/IEMOCAP/Session5/sentences/wav/Ses05M_script02_1/Ses05M_script02_1_M010.wav,happiness,1.4799375,2-123896-A-24.wav,14293.0,19028.0,5,Test
5381,/mnt/data/IEMOCAP-happy-cough/Session5/sentences/wav/Ses05M_script02_1/Ses05M_script02_1_M017.wav,/mnt/data/IEMOCAP/Session5/sentences/wav/Ses05M_script02_1/Ses05M_script02_1_M017.wav,happiness,9.447875,3-151212-A-24.wav,82065.0,104081.0,5,Test
5382,/mnt/data/IEMOCAP-happy-cough/Session5/sentences/wav/Ses05M_script02_1/Ses05M_script02_1_M018.wav,/mnt/data/IEMOCAP/Session5/sentences/wav/Ses05M_script02_1/Ses05M_script02_1_M018.wav,happiness,9.2820625,3-151212-A-24.wav,121016.0,143032.0,5,Test
5384,/mnt/data/IEMOCAP-happy-cough/Session5/sentences/wav/Ses05M_script02_1/Ses05M_script02_1_M020.wav,/mnt/data/IEMOCAP/Session5/sentences/wav/Ses05M_script02_1/Ses05M_script02_1_M020.wav,happiness,9.094875,4-169726-A-24.wav,124877.0,144845.0,5,Test
5385,/mnt/data/IEMOCAP-happy-cough/Session5/sentences/wav/Ses05M_script02_1/Ses05M_script02_1_M021.wav,/mnt/data/IEMOCAP/Session5/sentences/wav/Ses05M_script02_1/Ses05M_script02_1_M021.wav,happiness,6.9650625,5-209719-A-24.wav,27736.0,43096.0,5,Test
5387,/mnt/data/IEMOCAP-happy-cough/Session5/sentences/wav/Ses05M_script02_1/Ses05M_script02_1_M028.wav,/mnt/data/IEMOCAP/Session5/sentences/wav/Ses05M_script02_1/Ses05M_script02_1_M028.wav,happiness,6.1299375,3-145487-A-24.wav,3686.0,16486.0,5,Test
5392,/mnt/data/IEMOCAP-happy-cough/Session5/sentences/wav/Ses05M_script02_1/Ses05M_script02_1_M033.wav,/mnt/data/IEMOCAP/Session5/sentences/wav/Ses05M_script02_1/Ses05M_script02_1_M033.wav,happiness,4.8799375,5-251489-A-24.wav,16511.0,29823.0,5,Test
5417,/mnt/data/IEMOCAP-happy-cough/Session5/sentences/wav/Ses05M_script02_2/Ses05M_script02_2_F038.wav,/mnt/data/IEMOCAP/Session5/sentences/wav/Ses05M_script02_2/Ses05M_script02_2_F038.wav,happiness,2.0099375,5-208761-A-24.wav,2442.0,8873.0,5,Test
5418,/mnt/data/IEMOCAP-happy-cough/Session5/sentences/wav/Ses05M_script02_2/Ses05M_script02_2_M000.wav,/mnt/data/IEMOCAP/Session5/sentences/wav/Ses05M_script02_2/Ses05M_script02_2_M000.wav,happiness,4.17,3-145487-A-24.wav,44718.0,57518.0,5,Test
5419,/mnt/data/IEMOCAP-happy-cough/Session5/sentences/wav/Ses05M_script02_2/Ses05M_script02_2_M001.wav,/mnt/data/IEMOCAP/Session5/sentences/wav/Ses05M_script02_2/Ses05M_script02_2_M001.wav,happiness,2.23,1-63679-A-24.wav,27086.0,34222.0,5,Test
5429,/mnt/data/IEMOCAP-happy-cough/Session5/sentences/wav/Ses05M_script02_2/Ses05M_script02_2_M034.wav,/mnt/data/IEMOCAP/Session5/sentences/wav/Ses05M_script02_2/Ses05M_script02_2_M034.wav,happiness,7.60125,5-209719-A-24.wav,63983.0,79343.0,5,Test
5430,/mnt/data/IEMOCAP-happy-cough/Session5/sentences/wav/Ses05M_script02_2/Ses05M_script02_2_M035.wav,/mnt/data/IEMOCAP/Session5/sentences/wav/Ses05M_script02_2/Ses05M_script02_2_M035.wav,happiness,6.0141875,5-251489-A-24.wav,33104.0,46416.0,5,Test
5431,/mnt/data/IEMOCAP-happy-cough/Session5/sentences/wav/Ses05M_script02_2/Ses05M_script02_2_M036.wav,/mnt/data/IEMOCAP/Session5/sentences/wav/Ses05M_script02_2/Ses05M_script02_2_M036.wav,happiness,3.67,1-19118-A-24.wav,12285.0,22525.0,5,Test
5433,/mnt/data/IEMOCAP-happy-cough/Session5/sentences/wav/Ses05M_script02_2/Ses05M_script02_2_M040.wav,/mnt/data/IEMOCAP/Session5/sentences/wav/Ses05M_script02_2/Ses05M_script02_2_M040.wav,happiness,2.30775,5-209719-A-24.wav,2997.0,10381.0,5,Test
5435,/mnt/data/IEMOCAP-happy-cough/Session5/sentences/wav/Ses05M_script03_1/Ses05M_script03_1_F002.wav,/mnt/data/IEMOCAP/Session5/sentences/wav/Ses05M_script03_1/Ses05M_script03_1_F002.wav,happiness,2.37,5-211197-A-24.wav,18068.0,25652.0,5,Test
5436,/mnt/data/IEMOCAP-happy-cough/Session5/sentences/wav/Ses05M_script03_1/Ses05M_script03_1_F003.wav,/mnt/data/IEMOCAP/Session5/sentences/wav/Ses05M_script03_1/Ses05M_script03_1_F003.wav,happiness,2.28,1-63679-A-24.wav,15612.0,22908.0,5,Test
5437,/mnt/data/IEMOCAP-happy-cough/Session5/sentences/wav/Ses05M_script03_1/Ses05M_script03_1_F004.wav,/mnt/data/IEMOCAP/Session5/sentences/wav/Ses05M_script03_1/Ses05M_script03_1_F004.wav,happiness,2.7799375,3-142604-A-24.wav,33614.0,42509.0,5,Test
5438,/mnt/data/IEMOCAP-happy-cough/Session5/sentences/wav/Ses05M_script03_1/Ses05M_script03_1_F005.wav,/mnt/data/IEMOCAP/Session5/sentences/wav/Ses05M_script03_1/Ses05M_script03_1_F005.wav,happiness,2.66,3-142604-A-24.wav,15543.0,24055.0,5,Test
5448,/mnt/data/IEMOCAP-happy-cough/Session5/sentences/wav/Ses05M_script03_1/Ses05M_script03_1_M001.wav,/mnt/data/IEMOCAP/Session5/sentences/wav/Ses05M_script03_1/Ses05M_script03_1_M001.wav,happiness,1.7944375,5-178997-A-24.wav,22492.0,28234.0,5,Test
5452,/mnt/data/IEMOCAP-happy-cough/Session5/sentences/wav/Ses05M_script03_1/Ses05M_script03_1_M007.wav,/mnt/data/IEMOCAP/Session5/sentences/wav/Ses05M_script03_1/Ses05M_script03_1_M007.wav,happiness,2.46,3-132601-A-24.wav,13755.0,21627.0,5,Test
5453,/mnt/data/IEMOCAP-happy-cough/Session5/sentences/wav/Ses05M_script03_1/Ses05M_script03_1_M008.wav,/mnt/data/IEMOCAP/Session5/sentences/wav/Ses05M_script03_1/Ses05M_script03_1_M008.wav,happiness,4.6,5-251489-A-24.wav,39854.0,53166.0,5,Test
5454,/mnt/data/IEMOCAP-happy-cough/Session5/sentences/wav/Ses05M_script03_1/Ses05M_script03_1_M009.wav,/mnt/data/IEMOCAP/Session5/sentences/wav/Ses05M_script03_1/Ses05M_script03_1_M009.wav,happiness,3.92,3-149042-A-24.wav,33976.0,44216.0,5,Test
5455,/mnt/data/IEMOCAP-happy-cough/Session5/sentences/wav/Ses05M_script03_1/Ses05M_script03_1_M010.wav,/mnt/data/IEMOCAP/Session5/sentences/wav/Ses05M_script03_1/Ses05M_script03_1_M010.wav,happiness,2.2099375,5-178997-A-24.wav,5992.0,13063.0,5,Test
5456,/mnt/data/IEMOCAP-happy-cough/Session5/sentences/wav/Ses05M_script03_1/Ses05M_script03_1_M011.wav,/mnt/data/IEMOCAP/Session5/sentences/wav/Ses05M_script03_1/Ses05M_script03_1_M011.wav,happiness,3.4699375,3-149042-A-24.wav,22163.0,32403.0,5,Test
5457,/mnt/data/IEMOCAP-happy-cough/Session5/sentences/wav/Ses05M_script03_1/Ses05M_script03_1_M012.wav,/mnt/data/IEMOCAP/Session5/sentences/wav/Ses05M_script03_1/Ses05M_script03_1_M012.wav,happiness,10.66,4-177835-A-24.wav,12440.0,37016.0,5,Test
5458,/mnt/data/IEMOCAP-happy-cough/Session5/sentences/wav/Ses05M_script03_1/Ses05M_script03_1_M013.wav,/mnt/data/IEMOCAP/Session5/sentences/wav/Ses05M_script03_1/Ses05M_script03_1_M013.wav,happiness,3.7599375,3-149042-A-24.wav,7289.0,17529.0,5,Test
5460,/mnt/data/IEMOCAP-happy-cough/Session5/sentences/wav/Ses05M_script03_1/Ses05M_script03_1_M015.wav,/mnt/data/IEMOCAP/Session5/sentences/wav/Ses05M_script03_1/Ses05M_script03_1_M015.wav,happiness,7.26775,5-251489-A-24.wav,73199.0,86511.0,5,Test
5462,/mnt/data/IEMOCAP-happy-cough/Session5/sentences/wav/Ses05M_script03_1/Ses05M_script03_1_M018.wav,/mnt/data/IEMOCAP/Session5/sentences/wav/Ses05M_script03_1/Ses05M_script03_1_M018.wav,happiness,3.6899375,3-149042-A-24.wav,6927.0,17167.0,5,Test
5463,/mnt/data/IEMOCAP-happy-cough/Session5/sentences/wav/Ses05M_script03_1/Ses05M_script03_1_M020.wav,/mnt/data/IEMOCAP/Session5/sentences/wav/Ses05M_script03_1/Ses05M_script03_1_M020.wav,happiness,3.0,3-151213-A-24.wav,12386.0,21986.0,5,Test
5464,/mnt/data/IEMOCAP-happy-cough/Session5/sentences/wav/Ses05M_script03_1/Ses05M_script03_1_M021.wav,/mnt/data/IEMOCAP/Session5/sentences/wav/Ses05M_script03_1/Ses05M_script03_1_M021.wav,happiness,6.6,4-169726-A-24.wav,82171.0,102139.0,5,Test
5466,/mnt/data/IEMOCAP-happy-cough/Session5/sentences/wav/Ses05M_script03_1/Ses05M_script03_1_M023.wav,/mnt/data/IEMOCAP/Session5/sentences/wav/Ses05M_script03_1/Ses05M_script03_1_M023.wav,happiness,6.5615625,3-149042-A-24.wav,92081.0,102321.0,5,Test
5468,/mnt/data/IEMOCAP-happy-cough/Session5/sentences/wav/Ses05M_script03_1/Ses05M_script03_1_M025.wav,/mnt/data/IEMOCAP/Session5/sentences/wav/Ses05M_script03_1/Ses05M_script03_1_M025.wav,happiness,5.43,3-145487-A-24.wav,23574.0,36374.0,5,Test
5469,/mnt/data/IEMOCAP-happy-cough/Session5/sentences/wav/Ses05M_script03_1/Ses05M_script03_1_M026.wav,/mnt/data/IEMOCAP/Session5/sentences/wav/Ses05M_script03_1/Ses05M_script03_1_M026.wav,happiness,4.2599375,3-145487-A-24.wav,37286.0,50086.0,5,Test
5472,/mnt/data/IEMOCAP-happy-cough/Session5/sentences/wav/Ses05M_script03_1/Ses05M_script03_1_M029.wav,/mnt/data/IEMOCAP/Session5/sentences/wav/Ses05M_script03_1/Ses05M_script03_1_M029.wav,happiness,6.8999375,1-19111-A-24.wav,75429.0,90277.0,5,Test
5474,/mnt/data/IEMOCAP-happy-cough/Session5/sentences/wav/Ses05M_script03_1/Ses05M_script03_1_M031.wav,/mnt/data/IEMOCAP/Session5/sentences/wav/Ses05M_script03_1/Ses05M_script03_1_M031.wav,happiness,2.6999375,1-58792-A-24.wav,6269.0,14908.0,5,Test
5476,/mnt/data/IEMOCAP-happy-cough/Session5/sentences/wav/Ses05M_script03_1/Ses05M_script03_1_M033.wav,/mnt/data/IEMOCAP/Session5/sentences/wav/Ses05M_script03_1/Ses05M_script03_1_M033.wav,happiness,2.5199375,1-53663-A-24.wav,11186.0,19249.0,5,Test
